Suprafață utilă,Numărul de camere,Încălzire,Etaj,Chirie,Stare,Tip proprietate,Forma de proprietate,Liber de la,Tip vânzător,Informații suplimentare,Anul construcției,Lift,Facilități,Siguranță,url,Material de construcție,Tip geamuri,Media,Tip clădire,Suprafata_utila_m2
31 m²,1,fără informații,2,fără informații,fără informații,locuință utilizată,fără informații,fără informații,agenție,fără informații,2022,nu,mobilier,supraveghere video,https://www.storia.ro/ro/oferta/apartament-1-camer-zona-centrul-vechi-IDA2Cw.html,,,,,31
38 m²,1,centrală pe gaz,5/6,fără informații,gata de utilizare,locuință utilizată,drept de proprietate,2025-11-27,agenție,balcon bucătărie separată,2014,da,mobilier cuptor plită frigider,interfon uși / ferestre blindate,https://www.storia.ro/ro/oferta/locuinta-moderna-cu-o-camera-mutare-rapida-sos-salaj-rahova-IDEQcK.html,beton,plastic,telefon internet,,38
68.5 m²,3,centrală pe gaz,3/3,fără informații,gata de utilizare,locuință utilizată,drept de proprietate,fără informații,agenție,fără informații,2025,nu,,,https://www.storia.ro/ro/oferta/3-camere-cu-terasa-54-mp-fundeni-dobroesti-IDEr5L.html,beton,plastic,telefon,ansamblu de apartamente,68
52 m²,2,centrală pe gaz,parter/4,fără informații,gata de utilizare,locuință utilizată,drept de proprietate,2025-11-20,agenție,fără informații,,nu,,,https://www.storia.ro/ro/oferta/apartament-2-camere-i-finisat-i-burdujeni-IDEGOd.html,beton,plastic,,ansamblu de apartamente,52
119 m²,4,fără informații,3/3,fără informații,fără informații,locuință utilizată,fără informații,fără informații,agenție,terasă beci scară interioară,2023,da,aer condiționat,alarmă interfon supraveghere video uși / ferestre blindate,https://www.storia.ro/ro/oferta/apartament-4-camere-terasa-94mp-licurg-2-cartierul-armenesc-IDD8O0.html,beton,,,ansamblu de apartamente,119
37.5 m²,2,centrală pe gaz,3/3,fără informații,gata de utilizare,locuință utilizată,drept de proprietate,2025-11-27,agenție,balcon,2022,nu,cuptor frigider aer condiționat,uși / ferestre blindate interfon,https://www.storia.ro/ro/oferta/apartament-modern-cu-2-camere-bloc-nou-balcon-generos-parcare-IDFexk.html,cărămidă cu goluri,plastic,internet,ansamblu de apartamente,38
61.1 m²,3,fără informații,fără informații,fără informații,gata de utilizare,locuință nouă,drept de proprietate,fără informații,agenție,balcon,2025,da,aer condiționat,alarmă uși / ferestre blindate interfon supraveghere video,https://www.storia.ro/ro/oferta/apartament-cu-3-camere-green-residence-nufarul-IDCYLU.html,cărămidă,aluminiu,cablu tv internet telefon,bloc,61
93 m²,3,centralizată,1,fără informații,fără informații,locuință utilizată,fără informații,fără informații,agenție,fără informații,2009,nu,,uși / ferestre blindate,https://www.storia.ro/ro/oferta/apartament-de-vanzare-victoriei-garaj-i-curte-proprie-IDCBwz.html,,,,,93
121.74 m²,4,centrală pe gaz,1/2,fără informații,fără informații,locuință nouă,drept de proprietate,2025-11-07,agenție,balcon terasă garaj beci scară interioară,2025,nu,,uși / ferestre blindate interfon,https://www.storia.ro/ro/oferta/ap-4-camere-in-imobil-tip-vila-121-74-mp-utili-terasa-28-mp-IDD9UC.html,cărămidă,plastic,,ansamblu de apartamente,122
32 m²,1,centrală pe gaz,1/3,fără informații,gata de utilizare,locuință nouă,drept de proprietate,2025-11-27,agenție,balcon,2025,da,,interfon supraveghere video uși / ferestre blindate,https://www.storia.ro/ro/oferta/garsoniera-cartier-militari-residence-mutare-imediata-IDFILv.html,beton,plastic,internet,,32
54 m²,2,centrală pe gaz,4/5,fără informații,gata de utilizare,locuință utilizată,drept de proprietate,2025-11-27,agenție,fără informații,1990,nu,,uși / ferestre blindate interfon,https://www.storia.ro/ro/oferta/apartament-de-2-camere-zona-centrala-IDF21V.html,placa de beton,plastic,,ansamblu de apartamente,54
80.6 m²,3,centrală pe gaz,5/9,fără informații,în construcție,locuință nouă,drept de proprietate,fără informații,agenție,balcon bucătărie separată,2025,da,,interfon supraveghere video uși / ferestre blindate,https://www.storia.ro/ro/oferta/apartament-spatios-3-camere-decomandat-zona-rahova-comision-0-IDFcNa.html,beton,plastic,telefon internet cablu tv,ansamblu de apartamente,81
55 m²,2,fără informații,9/10,fără informații,gata de utilizare,locuință utilizată,drept de proprietate,2025-08-19,agenție,balcon,1980,nu,,,https://www.storia.ro/ro/oferta/apartament-2-camere-et9-10-zona-semicentrala-gara-mare-IDBBdz.html,,,telefon internet cablu tv,ansamblu de apartamente,55
31 m²,1,fără informații,2,fără informații,fără informații,locuință utilizată,fără informații,fără informații,agenție,fără informații,2022,nu,mobilier,supraveghere video,https://www.storia.ro/ro/oferta/apartament-1-camer-zona-centrul-vechi-IDA2Cw.html,,,,,31
38 m²,1,centrală pe gaz,5/6,fără informații,gata de utilizare,locuință utilizată,drept de proprietate,2025-11-27,agenție,balcon bucătărie separată,2014,da,mobilier cuptor plită frigider,interfon uși / ferestre blindate,https://www.storia.ro/ro/oferta/locuinta-moderna-cu-o-camera-mutare-rapida-sos-salaj-rahova-IDEQcK.html,beton,plastic,telefon internet,,38
68.5 m²,3,centrală pe gaz,3/3,fără informații,gata de utilizare,locuință utilizată,drept de proprietate,fără informații,agenție,fără informații,2025,nu,,,https://www.storia.ro/ro/oferta/3-camere-cu-terasa-54-mp-fundeni-dobroesti-IDEr5L.html,beton,plastic,telefon,ansamblu de apartamente,68
52 m²,2,centrală pe gaz,parter/4,fără informații,gata de utilizare,locuință utilizată,drept de proprietate,2025-11-20,agenție,fără informații,,nu,,,https://www.storia.ro/ro/oferta/apartament-2-camere-i-finisat-i-burdujeni-IDEGOd.html,beton,plastic,,ansamblu de apartamente,52
119 m²,4,fără informații,3/3,fără informații,fără informații,locuință utilizată,fără informații,fără informații,agenție,terasă beci scară interioară,2023,da,aer condiționat,alarmă interfon supraveghere video uși / ferestre blindate,https://www.storia.ro/ro/oferta/apartament-4-camere-terasa-94mp-licurg-2-cartierul-armenesc-IDD8O0.html,beton,,,ansamblu de apartamente,119
37.5 m²,2,centrală pe gaz,3/3,fără informații,gata de utilizare,locuință utilizată,drept de proprietate,2025-11-27,agenție,balcon,2022,nu,cuptor frigider aer condiționat,uși / ferestre blindate interfon,https://www.storia.ro/ro/oferta/apartament-modern-cu-2-camere-bloc-nou-balcon-generos-parcare-IDFexk.html,cărămidă cu goluri,plastic,internet,ansamblu de apartamente,38
61.1 m²,3,fără informații,fără informații,fără informații,gata de utilizare,locuință nouă,drept de proprietate,fără informații,agenție,balcon,2025,da,aer condiționat,alarmă uși / ferestre blindate interfon supraveghere video,https://www.storia.ro/ro/oferta/apartament-cu-3-camere-green-residence-nufarul-IDCYLU.html,cărămidă,aluminiu,cablu tv internet telefon,bloc,61
93 m²,3,centralizată,1,fără informații,fără informații,locuință utilizată,fără informații,fără informații,agenție,fără informații,2009,nu,,uși / ferestre blindate,https://www.storia.ro/ro/oferta/apartament-de-vanzare-victoriei-garaj-i-curte-proprie-IDCBwz.html,,,,,93
121.74 m²,4,centrală pe gaz,1/2,fără informații,fără informații,locuință nouă,drept de proprietate,2025-11-07,agenție,balcon terasă garaj beci scară interioară,2025,nu,,uși / ferestre blindate interfon,https://www.storia.ro/ro/oferta/ap-4-camere-in-imobil-tip-vila-121-74-mp-utili-terasa-28-mp-IDD9UC.html,cărămidă,plastic,,ansamblu de apartamente,122
32 m²,1,centrală pe gaz,1/3,fără informații,gata de utilizare,locuință nouă,drept de proprietate,2025-11-27,agenție,balcon,2025,da,,interfon supraveghere video uși / ferestre blindate,https://www.storia.ro/ro/oferta/garsoniera-cartier-militari-residence-mutare-imediata-IDFILv.html,beton,plastic,internet,,32
54 m²,2,centrală pe gaz,4/5,fără informații,gata de utilizare,locuință utilizată,drept de proprietate,2025-11-27,agenție,fără informații,1990,nu,,uși / ferestre blindate interfon,https://www.storia.ro/ro/oferta/apartament-de-2-camere-zona-centrala-IDF21V.html,placa de beton,plastic,,ansamblu de apartamente,54
80.6 m²,3,centrală pe gaz,5/9,fără informații,în construcție,locuință nouă,drept de proprietate,fără informații,agenție,balcon bucătărie separată,2025,da,,interfon supraveghere video uși / ferestre blindate,https://www.storia.ro/ro/oferta/apartament-spatios-3-camere-decomandat-zona-rahova-comision-0-IDFcNa.html,beton,plastic,telefon internet cablu tv,ansamblu de apartamente,81
55 m²,2,fără informații,9/10,fără informații,gata de utilizare,locuință utilizată,drept de proprietate,2025-08-19,agenție,balcon,1980,nu,,,https://www.storia.ro/ro/oferta/apartament-2-camere-et9-10-zona-semicentrala-gara-mare-IDBBdz.html,,,telefon internet cablu tv,ansamblu de apartamente,55
32 m²,1,centrală pe gaz,demisol/4,fără informații,fără informații,locuință nouă,drept de proprietate,2025-11-13,agenție,fără informații,2025,nu,cuptor frigider mașină de spălat mașină de spălat vasele,uși / ferestre blindate interfon,https://www.storia.ro/ro/oferta/garsoniera-decomandata-32-mp-zona-facultatea-de-agronomie-IDFpLv.html,,plastic,internet,ansamblu de apartamente,32
103 m²,4,fără informații,parter/1,fără informații,gata de utilizare,locuință utilizată,drept de proprietate,2025-11-27,agenție,fără informații,1980,nu,,,https://www.storia.ro/ro/oferta/apartament-4-camere-ultracentral-IDDFc7.html,cărămidă,,telefon internet cablu tv,ansamblu de apartamente,103
55.6 m²,2,centrală pe gaz,6/8,fără informații,gata de utilizare,locuință utilizată,drept de proprietate,2025-11-26,agenție,balcon debara bucătărie separată,1987,nu,mobilier cuptor plită frigider mașină de spălat,interfon uși / ferestre blindate,https://www.storia.ro/ro/oferta/apartament-doua-camere-parcul-trandafirilor-IDFiqM.html,altul,,internet,ansamblu de apartamente,56
32 m²,1,centrală pe gaz,1/3,fără informații,gata de utilizare,locuință nouă,drept de proprietate,2025-11-27,agenție,balcon,2025,da,,interfon supraveghere video uși / ferestre blindate,https://www.storia.ro/ro/oferta/garsoniera-cartier-militari-residence-mutare-imediata-IDFILw.html,beton,plastic,internet,,32
36.52 m²,1,centrală pe gaz,1/2,fără informații,gata de utilizare,locuință nouă,drept de proprietate,fără informații,agenție,balcon,2025,nu,aer condiționat,interfon obloane,https://www.storia.ro/ro/oferta/garsoniera-decomandata-aer-conditionat-balcon-5-24-etaj-1-2-IDEDvD.html,cărămidă,,telefon internet cablu tv,,37
65.3 m²,4,centralizată,4,fără informații,fără informații,locuință utilizată,fără informații,fără informații,agenție,balcon,1980,nu,mobilier aer condiționat,uși / ferestre blindate,https://www.storia.ro/ro/oferta/de-vanzare-apartament-cu-4-camere-in-zona-ultracentrala-IDEN40.html,,,,,65
116 m²,3,centrală pe gaz,1/3,fără informații,în construcție,locuință nouă,drept de proprietate,2025-11-27,agenție,balcon grădină garaj bucătărie separată,2025,da,,interfon supraveghere video uși / ferestre blindate,https://www.storia.ro/ro/oferta/3-camere-in-complex-rezidenial-premium-comision-0-cumprtor-IDCIgg.html,beton celular,aluminiu,telefon internet cablu tv,ansamblu de apartamente,116
35 m²,2,centralizată,4/4,fără informații,gata de utilizare,locuință nouă,fără informații,fără informații,agenție,balcon,1978,nu,aer condiționat,,https://www.storia.ro/ro/oferta/apartament-2-camere-confort-2-zona-hipodrom-IDrVIu.html,,,,,35
54 m²,2,fără informații,2/4,fără informații,gata de utilizare,locuință nouă,drept de proprietate,2025-11-06,agenție,fără informații,2025,nu,,,https://www.storia.ro/ro/oferta/apartament-2-camere-semifinisat-54mp-bloc-nou-intre-lacuri-residence-IDFv2J.html,,,,ansamblu de apartamente,54
39 m²,2,centrală pe gaz,1,fără informații,gata de utilizare,locuință utilizată,drept de proprietate,2025-11-27,agenție,balcon,2018,da,mobilier cuptor plită frigider mașină de spălat TV aer condiționat,interfon supraveghere video,https://www.storia.ro/ro/oferta/apartament-2-camere-mamaia-IDD3Q2.html,,,telefon internet cablu tv,ansamblu de apartamente,39
58 m²,2,centrală pe gaz,2/5,fără informații,în construcție,locuință nouă,drept de proprietate,fără informații,agenție,balcon bucătărie separată,2025,da,aer condiționat,interfon uși / ferestre blindate,https://www.storia.ro/ro/oferta/apartament-2-camere-decomandat-acces-metrou-aparatorii-patriei-IDF28W.html,beton,plastic,internet,ansamblu de apartamente,58
30.24 m²,1,centrală pe gaz,parter,fără informații,gata de utilizare,locuință utilizată,drept de proprietate,2025-11-27,agenție,fără informații,,nu,mobilier frigider mașină de spălat TV aer condiționat,interfon uși / ferestre blindate,https://www.storia.ro/ro/oferta/garsoniera-mobilata-si-utilata-dimitrie-leonida-apollo-residence-IDERnQ.html,beton,plastic,telefon internet cablu tv,,30
41.07 m²,1,centrală pe gaz,2/4,fără informații,în construcție,locuință nouă,drept de proprietate,2025-11-27,agenție,terasă,2025,da,aer condiționat,uși / ferestre blindate supraveghere video,https://www.storia.ro/ro/oferta/apartament-cu-1-5-camere-n-zona-parneava-IDDThJ.html,beton,plastic,telefon internet cablu tv,ansamblu de apartamente,41
61.1 m²,2,centrală pe gaz,4/4,fără informații,în construcție,locuință nouă,drept de proprietate,2025-11-27,agenție,terasă,2025,da,aer condiționat,interfon uși / ferestre blindate supraveghere video,https://www.storia.ro/ro/oferta/apartament-cu-2-camere-n-zona-confecii-IDDTla.html,beton,plastic,telefon internet cablu tv,ansamblu de apartamente,61
50 m²,2,centrală pe gaz,1/3,fără informații,gata de utilizare,locuință nouă,drept de proprietate,2025-11-27,agenție,balcon,2025,da,,interfon supraveghere video uși / ferestre blindate,https://www.storia.ro/ro/oferta/apartament-2-camere-decomandat-militari-residence-IDFIJa.html,beton,,internet,ansamblu de apartamente,50
53 m²,2,fără informații,1/6,fără informații,în construcție,locuință nouă,drept de proprietate,fără informații,agenție,balcon,2025,da,,uși / ferestre blindate interfon,https://www.storia.ro/ro/oferta/apartamente-exclusiviste-bragadiru-IDAn03.html,cărămidă,,,bloc,53
50 m²,2,centrală pe gaz,1/3,fără informații,gata de utilizare,locuință nouă,drept de proprietate,2025-11-27,agenție,balcon,2025,da,,interfon supraveghere video uși / ferestre blindate,https://www.storia.ro/ro/oferta/apartament-2-camere-decomandat-militari-residence-IDFBgv.html,beton,,internet,ansamblu de apartamente,50
30 m²,2,fără informații,1/4,fără informații,fără informații,locuință nouă,fără informații,fără informații,agenție,fără informații,1977,nu,,,https://www.storia.ro/ro/oferta/2-camere-doamna-ghica-electronicii-sect-2-IDCRaZ.html,,,,,30
53.45 m²,2,centrală pe gaz,1/4,fără informații,în construcție,locuință nouă,drept de proprietate,2025-11-27,agenție,fără informații,2025,da,aer condiționat,alarmă uși / ferestre blindate supraveghere video,https://www.storia.ro/ro/oferta/apartament-nou-cu-2-camere-IDDTVB.html,beton,plastic,telefon internet cablu tv,ansamblu de apartamente,53
40.3 m²,2,centralizată,parter,fără informații,fără informații,locuință utilizată,fără informații,fără informații,agenție,balcon,1980,nu,mobilier,uși / ferestre blindate,https://www.storia.ro/ro/oferta/apartament-luminos-2-camere-renovat-parter-breaza-IDEJj5.html,,,,,40
48 m²,2,fără informații,5,fără informații,fără informații,locuință utilizată,fără informații,fără informații,agenție,balcon,1973,nu,,,https://www.storia.ro/ro/oferta/rezervat-apartament-2-camere-zona-grivitei-IDFAEl.html,,,,,48
40 m²,2,fără informații,7/10,fără informații,gata de utilizare,locuință utilizată,drept de proprietate,2025-11-27,agenție,balcon debara bucătărie separată,1975,da,cuptor plită frigider,interfon uși / ferestre blindate,https://www.storia.ro/ro/oferta/apartament-2-camere-decomandat-aleea-huedin-brancoveanu-comision-0-IDEM6X.html,beton,plastic,telefon internet cablu tv,ansamblu de apartamente,40
37 m²,2,centrală pe gaz,parter/2,fără informații,gata de utilizare,locuință nouă,drept de proprietate,2025-09-30,agenție,balcon terasă garaj bucătărie separată,2025,nu,,uși / ferestre blindate interfon zona imprejmuita,https://www.storia.ro/ro/oferta/comision-0-apartament-1-cam-37-mp-finisat-teras-11-mp-apahida-IDF6Qv.html,cărămidă,aluminiu,internet cablu tv,bloc,37
42 m²,2,centralizată,1/4,fără informații,fără informații,locuință utilizată,fără informații,fără informații,agenție,balcon bucătărie separată,1990,nu,,,https://www.storia.ro/ro/oferta/apartament-2-camere-obcini-etaj-1-2c-7609-IDFpMk.html,,plastic,,,42
55 m²,2,centrală pe gaz,2,fără informații,fără informații,locuință nouă,drept de proprietate,fără informații,agenție,fără informații,2024,nu,,uși / ferestre blindate interfon,https://www.storia.ro/ro/oferta/apartamente-2-camere-cu-cf-floresti-IDBvDs.html,cărămidă,,internet,bloc,55
48 m²,2,centralizată,1/4,fără informații,gata de utilizare,locuință nouă,fără informații,fără informații,agenție,balcon,1980,nu,aer condiționat,,https://www.storia.ro/ro/oferta/apartament-2-camere-54mp-etaj-1-zona-radu-negru-IDEFbZ.html,,,,,48
55 m²,2,centralizată,1/2,fără informații,gata de utilizare,locuință nouă,drept de proprietate,fără informații,agenție,balcon,2024,nu,,alarmă uși / ferestre blindate supraveghere video,https://www.storia.ro/ro/oferta/complex-used-mixt-de-locuinte-ultra-premium-iasi-galata-IDuM7N.html,cărămidă,aluminiu,cablu tv internet,bloc,55
45 m²,2,centrală pe gaz,2/2,fără informații,gata de utilizare,locuință utilizată,drept de proprietate,2025-10-28,agenție,fără informații,1940,nu,,,https://www.storia.ro/ro/oferta/apartament-cu-2-camere-90-mp-construiti-zona-centrala-IDFpXb.html,cărămidă,,telefon internet cablu tv,ansamblu de apartamente,45
84.75 m²,3,centrală pe gaz,parter/9,fără informații,în construcție,locuință nouă,drept de proprietate,fără informații,agenție,terasă grădină bucătărie separată,2025,da,,interfon supraveghere video uși / ferestre blindate,https://www.storia.ro/ro/oferta/comision-0-apartament-cu-3-camere-terasa-si-gradina-zona-rahova-IDELF8.html,beton,plastic,telefon internet cablu tv,ansamblu de apartamente,85
50 m²,3,fără informații,fără informații,fără informații,fără informații,locuință utilizată,fără informații,fără informații,agenție,fără informații,,nu,,,https://www.storia.ro/ro/oferta/apartament-3-camere-zona-spitalului-de-copii-IDFILb.html,,,,,50
33 m²,1,centralizată,1,fără informații,fără informații,locuință utilizată,fără informații,fără informații,agenție,balcon,2025,da,,,https://www.storia.ro/ro/oferta/garsonier-tip-studio-33-20-mp-utili-si-balcon-5-80-mp-magnolia-IDEoN0.html,,,,,33
45.9 m²,2,centrală pe gaz,3/6,fără informații,în construcție,locuință nouă,drept de proprietate,2025-11-20,agenție,balcon bucătărie separată,2025,da,,interfon uși / ferestre blindate,https://www.storia.ro/ro/oferta/apartament-decomandat-cu-2-camere-zona-grand-arena-mall-sector-4-IDENse.html,beton,plastic,internet cablu tv,ansamblu de apartamente,46
53.92 m²,2,centrală pe gaz,4/4,fără informații,gata de utilizare,locuință utilizată,drept de proprietate,2025-11-27,agenție,balcon,1980,nu,mobilier cuptor plită mașină de spălat,interfon uși / ferestre blindate,https://www.storia.ro/ro/oferta/apartament-decomandat-cu-2-camere-n-aradul-nou-IDxxie.html,beton,plastic,,ansamblu de apartamente,54
65.7 m²,2,fără informații,2/3,fără informații,fără informații,locuință nouă,drept de proprietate,2025-11-27,agenție,balcon terasă debara,2024,nu,aer condiționat,supraveghere video uși / ferestre blindate interfon,https://www.storia.ro/ro/oferta/apartament-cu-2-camere-teras-generoas-monia-IDFb6l.html,cărămidă,plastic,telefon internet cablu tv,ansamblu de apartamente,66
64 m²,3,centrală pe gaz,parter/2,fără informații,gata de utilizare,locuință utilizată,drept de proprietate,fără informații,agenție,beci,,nu,mobilier frigider cuptor,interfon,https://www.storia.ro/ro/oferta/vnd-apartament-3-camere-n-hunedoara-zona-om-pa-eliberrii-64-mp-IDEJqQ.html,cărămidă,plastic,internet cablu tv,bloc,64
55 m²,2,centrală pe gaz,5/5,fără informații,gata de utilizare,locuință utilizată,drept de proprietate,2025-11-27,agenție,balcon bucătărie separată,2007,nu,cuptor plită frigider mașină de spălat aer condiționat,interfon,https://www.storia.ro/ro/oferta/apartament-panoramic-cu-2-camere-zona-confecii-IDEr67.html,beton celular,,telefon internet cablu tv,ansamblu de apartamente,55
41 m²,1,altul,1/6,fără informații,în construcție,locuință nouă,drept de proprietate,fără informații,agenție,balcon,2025,da,,interfon uși / ferestre blindate,https://www.storia.ro/ro/oferta/vanzare-garsoniera-spatioasa-direct-dezvoltator-IDFINt.html,beton,plastic,telefon internet cablu tv,,41
190 m²,5,centrală pe gaz,3/4,fără informații,gata de utilizare,locuință utilizată,drept de proprietate,fără informații,agenție,balcon terasă scară interioară bucătărie separată,2013,nu,mobilier mașină de spălat mașină de spălat vasele frigider plită cuptor aer condiționat,uși / ferestre blindate,https://www.storia.ro/ro/oferta/apartament-premium-tip-duplex-190-mp-mobilat-utilat-IDE8nb.html,beton armat,plastic,,bloc,190
50 m²,2,centralizată,1/8,fără informații,gata de utilizare,locuință nouă,fără informații,fără informații,agenție,balcon,2009,da,aer condiționat,,https://www.storia.ro/ro/oferta/apartament-2-camere-militari-residence-mobilat-parcare-inclusa-chiri-IDxpQy.html,,,,,50
49 m²,2,centralizată,1/8,fără informații,gata de utilizare,locuință nouă,fără informații,fără informații,agenție,balcon,1983,nu,,,https://www.storia.ro/ro/oferta/etaj-1-apartament-2-camere-calarasilor-IDFlFJ.html,,,,,49
66 m²,3,centrală pe gaz,2/10,fără informații,gata de utilizare,locuință utilizată,drept de proprietate,2025-11-17,agenție,balcon,,da,,uși / ferestre blindate interfon,https://www.storia.ro/ro/oferta/apartament-3-camere-66-mp-utili-etaj-2-10-lift-central-IDES1Y.html,cărămidă,plastic,internet,ansamblu de apartamente,66
50 m²,3,centrală pe gaz,1/4,fără informații,gata de utilizare,locuință utilizată,drept de proprietate,2025-11-27,agenție,terasă,,nu,cuptor frigider mașină de spălat TV aer condiționat,uși / ferestre blindate interfon,https://www.storia.ro/ro/oferta/apartament-3-camere-50mp-etaj-intermediar-zona-porii-IDF1Y5.html,cărămidă,plastic,internet telefon,ansamblu de apartamente,50
85 m²,3,centrală pe gaz,1/4,fără informații,în construcție,locuință nouă,drept de proprietate,2025-09-30,agenție,balcon,2026,da,,uși / ferestre blindate interfon,https://www.storia.ro/ro/oferta/apartament-cu-3-camere-la-mare-micos-estate-mamaia-nord-IDF6Wy.html,beton,plastic,internet cablu tv telefon,bloc,85
72 m²,3,centrală pe gaz,7/8,fără informații,gata de utilizare,locuință utilizată,drept de proprietate,2025-11-17,agenție,balcon,1985,da,frigider mașină de spălat TV plită mașină de spălat vasele aer condiționat,uși / ferestre blindate interfon,https://www.storia.ro/ro/oferta/apartament-3-camere-72-mp-zona-frumoasa-IDFBNr.html,beton,plastic,internet,ansamblu de apartamente,72
85 m²,3,altul,1/5,fără informații,gata de utilizare,locuință utilizată,drept de proprietate,2025-11-27,agenție,terasă garaj,2021,da,mobilier cuptor plită frigider mașină de spălat mașină de spălat vasele aer condiționat,interfon supraveghere video uși / ferestre blindate,https://www.storia.ro/ro/oferta/apartament-3-camere-mobilat-scoala-americana-IDFHNk.html,cărămidă,plastic,telefon internet cablu tv,ansamblu de apartamente,85
62 m²,3,centrală pe gaz,1/3,fără informații,gata de utilizare,locuință utilizată,drept de proprietate,2025-11-27,agenție,balcon,1965,nu,cuptor frigider mașină de spălat TV aer condiționat,uși / ferestre blindate interfon,https://www.storia.ro/ro/oferta/apartament-cu-3-camere-62-mp-zona-pajura-IDDFIN.html,beton,plastic,cablu tv internet telefon,ansamblu de apartamente,62
58.61 m²,3,centralizată,4,fără informații,fără informații,locuință utilizată,fără informații,fără informații,agenție,balcon,1985,nu,mobilier,uși / ferestre blindate,https://www.storia.ro/ro/oferta/apartament-cu-3-camere-de-vanzare-buhusi-IDDKIR.html,,,,,59
45 m²,2,centrală pe gaz,2/6,fără informații,în construcție,locuință nouă,drept de proprietate,2025-11-27,agenție,balcon,2026,da,,interfon supraveghere video uși / ferestre blindate,https://www.storia.ro/ro/oferta/ap-2-cam-martie-2026-zona-militari-residence-IDFIJw.html,beton,plastic,cablu tv,ansamblu de apartamente,45
44 m²,2,centralizată,parter/3,fără informații,gata de utilizare,locuință nouă,fără informații,fără informații,agenție,fără informații,2016,nu,aer condiționat,,https://www.storia.ro/ro/oferta/apartament-cu-curte-la-doi-pasi-de-plaja-loc-parcare-IDDiaQ.html,,,,,44
54 m²,3,centrală pe gaz,parter/4,fără informații,fără informații,locuință utilizată,drept de proprietate,2025-10-30,agenție,bucătărie separată,2014,nu,mobilier,uși / ferestre blindate,https://www.storia.ro/ro/oferta/apartament-3-camere-54mp-popeti-leordeni-metrou-berceni-si-leonida-IDFrtP.html,beton,,telefon internet cablu tv,ansamblu de apartamente,54
31 m²,1,centrală pe gaz,4/7,fără informații,în construcție,locuință nouă,fără informații,fără informații,agenție,fără informații,2026,nu,,,https://www.storia.ro/ro/oferta/garsoniera-etaj-4-weiner-residence-vest-group-direct-dezvoltator-IDDAlc.html,cărămidă,plastic,,bloc,31
55 m²,3,centrală pe gaz,parter/2,fără informații,gata de utilizare,locuință utilizată,drept de proprietate,2025-11-27,agenție,bucătărie separată,1960,nu,cuptor plită frigider mașină de spălat aer condiționat,interfon uși / ferestre blindate,https://www.storia.ro/ro/oferta/apartament-3-camere-cotroceni-linite-intimitate-i-potenial-inv-IDFC0c.html,cărămidă,plastic,telefon internet cablu tv,ansamblu de apartamente,55
61 m²,3,centrală pe gaz,4/4,fără informații,gata de utilizare,locuință utilizată,drept de proprietate,2025-11-24,agenție,fără informații,,nu,,,https://www.storia.ro/ro/oferta/apartament-3-camere-zona-ampoi-1-IDBj29.html,,plastic,,,61
73 m²,3,fără informații,1/2,fără informații,fără informații,locuință nouă,fără informații,fără informații,agenție,fără informații,2015,nu,,,https://www.storia.ro/ro/oferta/apartament-3-camere-de-vanzare-in-manastur-cluj-napoca-IDFGjm.html,,,,,73
46.46 m²,1,fără informații,1/5,fără informații,fără informații,locuință nouă,fără informații,fără informații,agenție,balcon,,da,aer condiționat,,https://www.storia.ro/ro/oferta/dezvoltator-onyx-residence-1-camera-decomandat-premium-ac-inclus-IDCves.html,,,,bloc,46
48 m²,2,fără informații,demisol/4,fără informații,fără informații,locuință nouă,fără informații,fără informații,agenție,fără informații,2011,nu,,,https://www.storia.ro/ro/oferta/apartament-2-camere-de-vanzare-in-zorilor-cluj-napoca-IDBFrx.html,,,,,48
110 m²,4,centrală pe gaz,2/4,fără informații,gata de utilizare,locuință nouă,drept de proprietate,fără informații,agenție,balcon bucătărie separată,2022,da,mobilier mașină de spălat mașină de spălat vasele frigider plită cuptor TV aer condiționat,uși / ferestre blindate interfon,https://www.storia.ro/ro/oferta/pre-final-4-camere-decomandat-110m-vedere-la-mare-falez-nord-IDFGoa.html,beton,plastic,internet cablu tv telefon,bloc,110
66.9 m²,3,centrală pe gaz,3/3,fără informații,gata de utilizare,locuință utilizată,drept de proprietate,2025-11-12,agenție,balcon,,nu,aer condiționat,uși / ferestre blindate interfon,https://www.storia.ro/ro/oferta/apartament-cu-3-camere-loc-de-parcare-zona-hotel-diana-IDEpkc.html,,plastic,internet,ansamblu de apartamente,67
78.31 m²,4,centralizată,2/4,fără informații,de renovat,locuință utilizată,drept de proprietate,2025-11-06,agenție,balcon,1970,nu,aer condiționat,interfon,https://www.storia.ro/ro/oferta/apartament-4-camere-jean-steriadi-ozana-auchan-titan-IDFpRx.html,cărămidă,,,ansamblu de apartamente,78
22.8 m²,1,centralizată,4,fără informații,gata de utilizare,locuință nouă,fără informații,fără informații,agenție,balcon,1985,nu,aer condiționat,,https://www.storia.ro/ro/oferta/garsoniera-confort-1-dorobantilor-mobilata-IDEF7c.html,,,,,23
44 m²,2,centrală pe gaz,2/5,fără informații,în construcție,locuință nouă,drept de proprietate,fără informații,agenție,balcon,2026,da,,uși / ferestre blindate interfon,https://www.storia.ro/ro/oferta/promotie-studio-spatios-44mp-metrou-berceni-15min-IDF1wC.html,placa de beton,aluminiu,internet cablu tv,bloc,44
46 m²,2,centralizată,3/5,fără informații,gata de utilizare,locuință nouă,fără informații,fără informații,agenție,balcon,2024,da,aer condiționat,,https://www.storia.ro/ro/oferta/apartament-2-camere-militari-residence-IDy2Vz.html,,,,,46
64.5 m²,3,centralizată,parter,fără informații,fără informații,locuință utilizată,fără informații,fără informații,agenție,balcon,2024,nu,,,https://www.storia.ro/ro/oferta/comision-0-3-camere-si-boxa-parcare-supraterana-maurer-villas-IDEQVT.html,,,,,64
53.55 m²,1,centrală pe gaz,7/8,fără informații,în construcție,locuință nouă,fără informații,fără informații,agenție,balcon bucătărie separată,2026,da,aer condiționat,alarmă uși / ferestre blindate zona imprejmuita interfon supraveghere video,https://www.storia.ro/ro/oferta/aprilie-2026-ideal-investiie-apartament-53-mp-royal-town-iai-IDvNOT.html,cărămidă,aluminiu,,bloc,54
79.3 m²,3,altul,> 10/11,fără informații,gata de utilizare,locuință nouă,drept de proprietate,2025-10-31,agenție,balcon bucătărie separată,2024,da,,interfon supraveghere video uși / ferestre blindate,https://www.storia.ro/ro/oferta/galaxy-park-metalurgiei-3-camere-parc-tudor-arghezi-comision-0-IDEQZf.html,beton,plastic,telefon internet,ansamblu de apartamente,79
50 m²,2,fără informații,4/4,fără informații,gata de utilizare,locuință nouă,fără informații,fără informații,agenție,balcon,1978,nu,,,https://www.storia.ro/ro/oferta/apartament-2-camere-costesti-IDDpW5.html,,,,,50
32 m²,1,centrală pe gaz,4/7,fără informații,gata de utilizare,locuință utilizată,drept de proprietate,2025-11-27,agenție,balcon,2022,nu,aer condiționat,uși / ferestre blindate,https://www.storia.ro/ro/oferta/metalurgiei-4-7-garsoniera-39-m2-comision-0-IDEWXb.html,beton,plastic,telefon internet cablu tv,,32
38 m²,2,centrală pe gaz,1/1,fără informații,în construcție,locuință nouă,drept de proprietate,fără informații,dezvoltator,balcon,2024,nu,,uși / ferestre blindate supraveghere video,https://www.storia.ro/ro/oferta/stejarilor-residence-apartament-2-camere-lunca-cetuii-iai-IDyK7G.html,cărămidă,,cablu tv internet telefon,bloc,38
61 m²,3,centrală pe gaz,parter/4,fără informații,în construcție,locuință nouă,drept de proprietate,fără informații,agenție,balcon garaj,2025,da,,interfon,https://www.storia.ro/ro/oferta/apartament-cu-3-camere-finisat-la-cheie-magnolia-residence-sibiu-IDF3Hn.html,cărămidă,plastic,internet cablu tv,bloc,61
57 m²,2,centrală pe gaz,4/8,fără informații,gata de utilizare,locuință nouă,fără informații,fără informații,agenție,balcon scară interioară,2022,da,mobilier frigider plită cuptor TV,uși / ferestre blindate interfon supraveghere video alarmă zona imprejmuita,https://www.storia.ro/ro/oferta/nou-intabulat-2-camere-exclusivitate-mobilat-IDA4y9.html,beton armat,plastic,cablu tv internet telefon,bloc,57
64.46 m²,2,centrală pe gaz,2/4,fără informații,în construcție,locuință nouă,fără informații,2025-10-23,agenție,balcon grădină terasă garaj beci,2025,da,aer condiționat,uși / ferestre blindate interfon supraveghere video alarmă zona imprejmuita,https://www.storia.ro/ro/oferta/2-3-4-camere-central-direct-dezvoltator-comision-0-bloc-boutique-IDFn65.html,beton,aluminiu,,ansamblu de apartamente,64
58 m²,2,altul,parter/7,fără informații,fără informații,locuință nouă,drept de proprietate,2025-11-27,agenție,terasă bucătărie separată,2025,da,,interfon obloane supraveghere video,https://www.storia.ro/ro/oferta/apartament-cu-2-camere-in-iris-ansamblu-exclusivist-imobil-nzeb-IDFy65.html,altul,plastic,telefon internet cablu tv,ansamblu de apartamente,58
72 m²,2,centrală pe gaz,3/3,8 000 €,gata de utilizare,locuință utilizată,drept de proprietate,2025-11-25,agenție,balcon grădină,2018,nu,frigider mobilier cuptor TV aer condiționat,uși / ferestre blindate zona imprejmuita supraveghere video,https://www.storia.ro/ro/oferta/apartament-2-camere-de-vanzare-in-busteni-investitie-garantata-IDC4BV.html,cărămidă,plastic,cablu tv internet,ansamblu de apartamente,72
68 m²,3,centrală pe gaz,1,fără informații,gata de utilizare,locuință utilizată,drept de proprietate,fără informații,agenție,terasă bucătărie separată,1975,da,aer condiționat,uși / ferestre blindate interfon,https://www.storia.ro/ro/oferta/ultracentral-primarie-d-m-apartament-3-camere-et1-IDBiTc.html,cărămidă,plastic,cablu tv internet telefon,bloc,68
32 m²,1,centrală pe gaz,1/3,fără informații,gata de utilizare,locuință nouă,drept de proprietate,2025-11-27,agenție,balcon,2025,da,,interfon supraveghere video uși / ferestre blindate,https://www.storia.ro/ro/oferta/garsoniera-cartier-militari-residence-mutare-imediata-IDFIM1.html,beton,plastic,internet,,32
77.95 m²,3,altul,1/12,fără informații,în construcție,locuință nouă,drept de proprietate,fără informații,agenție,balcon terasă bucătărie separată,2025,da,,interfon uși / ferestre blindate,https://www.storia.ro/ro/oferta/locuinta-in-zona-bd-metalurgiei-4-camere-finisat-modern-comision-0-IDFlcM.html,beton,plastic,internet cablu tv,ansamblu de apartamente,78
62.16 m²,2,centrală pe gaz,4/4,fără informații,în construcție,locuință nouă,drept de proprietate,2025-11-27,agenție,terasă,2025,da,aer condiționat,alarmă interfon supraveghere video uși / ferestre blindate,https://www.storia.ro/ro/oferta/apartament-cu-2-camere-n-zona-prneava-IDDUrf.html,beton,plastic,telefon internet cablu tv,ansamblu de apartamente,62
50 m²,2,fără informații,parter/10,fără informații,fără informații,locuință utilizată,drept de proprietate,2025-11-11,agenție,balcon,1972,nu,,,https://www.storia.ro/ro/oferta/apartament-2-camere-50mp-zona-manastur-IDEoL7.html,beton,,,ansamblu de apartamente,50
71 m²,3,centrală pe gaz,3/5,fără informații,în construcție,locuință nouă,drept de proprietate,fără informații,agenție,balcon,2026,da,,uși / ferestre blindate interfon,https://www.storia.ro/ro/oferta/apartament-cu-3-camere-la-15-minute-de-metrou-berceni-IDFGzJ.html,beton,aluminiu,internet cablu tv,bloc,71
88 m²,3,centrală pe gaz,6/6,fără informații,gata de utilizare,locuință utilizată,drept de proprietate,fără informații,agenție,balcon garaj,2018,da,mobilier mașină de spălat mașină de spălat vasele frigider plită cuptor TV aer condiționat,interfon supraveghere video,https://www.storia.ro/ro/oferta/apartament-cu-3-camere-in-zona-cosbuc-langa-parcul-libertatii-IDFnMi.html,beton,plastic,internet cablu tv,bloc,88
31 m²,1,centralizată,demisol/5,fără informații,gata de utilizare,locuință nouă,fără informații,fără informații,agenție,balcon,2024,da,,,https://www.storia.ro/ro/oferta/de-vanzare-garsoniera-in-rate-dezvoltator-militari-residence-IDAeaV.html,,,,,31
40.47 m²,1,fără informații,1,fără informații,fără informații,locuință utilizată,fără informații,fără informații,agenție,balcon,2025,da,aer condiționat,supraveghere video interfon,https://www.storia.ro/ro/oferta/garsoniera-cu-loc-de-parcare-inclus-rokman-liviu-rebreanu-49-IDEZSt.html,,,,,40
41 m²,2,centrală pe gaz,2/2,fără informații,gata de utilizare,locuință utilizată,drept de proprietate,2025-11-12,agenție,balcon garaj,2019,nu,,interfon,https://www.storia.ro/ro/oferta/apartament-mobilat-si-utilat-bucatarie-inchisa-garaj-langa-parcul-p-IDF5TT.html,cărămidă,plastic,cablu tv internet,ansamblu de apartamente,41
65 m²,3,fără informații,4/4,fără informații,fără informații,locuință utilizată,drept de proprietate,fără informații,agenție,balcon,,nu,,,https://www.storia.ro/ro/oferta/apartament-de-3-camere-65mp-renovat-zona-iulius-mall-IDFxT0.html,,,,ansamblu de apartamente,65
48 m²,2,centrală pe gaz,1/3,fără informații,gata de utilizare,locuință utilizată,drept de proprietate,2025-11-27,agenție,balcon debara,2014,nu,mobilier cuptor plită frigider mașină de spălat TV aer condiționat,interfon supraveghere video uși / ferestre blindate,https://www.storia.ro/ro/oferta/de-vanzare-apartament-2-camere-in-vila-sebastian-sect-5-IDF2N4.html,beton,plastic,,ansamblu de apartamente,48
35 m²,1,centrală pe gaz,1/4,fără informații,în construcție,locuință nouă,drept de proprietate,2025-11-27,agenție,balcon,2026,da,,interfon supraveghere video uși / ferestre blindate,https://www.storia.ro/ro/oferta/garsoniera-in-zona-militari-residence-finalizare-aprilie-2026-IDFIJ2.html,beton,plastic,internet,,35
40 m²,1,centrală pe gaz,fără informații,fără informații,în construcție,locuință nouă,fără informații,fără informații,agenție,balcon,2026,da,,interfon,https://www.storia.ro/ro/oferta/garsoniera-decomandata-bloc-nou-berceni-metrou-IDETBd.html,cărămidă,aluminiu,internet cablu tv telefon,bloc,40
44.39 m²,2,fără informații,parter/5,fără informații,gata de utilizare,locuință nouă,drept de proprietate,2025-11-13,agenție,terasă garaj bucătărie separată,2025,da,,interfon supraveghere video,https://www.storia.ro/ro/oferta/apartamentin-curs-de-finisare-in-ansamblu-rezidentia-exclusivist-IDEwc7.html,cărămidă,plastic,telefon internet cablu tv,ansamblu de apartamente,44
42.81 m²,2,centrală pe gaz,3/4,fără informații,gata de utilizare,locuință nouă,drept de proprietate,2025-11-27,agenție,balcon garaj bucătărie separată,2025,da,aer condiționat,interfon,https://www.storia.ro/ro/oferta/apartament-cu-2-camere-bloc-nou-zona-aradului-IDFvBM.html,,,internet cablu tv,ansamblu de apartamente,43
40 m²,2,centralizată,parter/4,fără informații,gata de utilizare,locuință nouă,fără informații,fără informații,agenție,balcon,1975,nu,,,https://www.storia.ro/ro/oferta/apartament-cu-2-camere-de-vanzare-manstur-zona-pritax-IDFtjN.html,,,,,40
63.1 m²,2,centrală pe gaz,3/5,fără informații,gata de utilizare,locuință nouă,drept de proprietate,2025-11-27,agenție,balcon terasă grădină,2024,da,frigider aer condiționat,interfon,https://www.storia.ro/ro/oferta/apartament-2-camere-finalizat-in-zona-gara-de-nord-IDFFfV.html,,aluminiu,telefon internet cablu tv,ansamblu de apartamente,63
82 m²,3,centrală pe gaz,1/2,fără informații,gata de utilizare,locuință utilizată,drept de proprietate,2025-11-06,agenție,balcon,2010,nu,,,https://www.storia.ro/ro/oferta/apartament-3-camere-2-bai-selimbar-brana-2-parcari-IDFpVN.html,cărămidă,,,ansamblu de apartamente,82
55.24 m²,2,altul,2/12,fără informații,în construcție,locuință nouă,drept de proprietate,fără informații,agenție,balcon bucătărie separată,2025,da,,interfon uși / ferestre blindate,https://www.storia.ro/ro/oferta/apartament-2-camere-decomandat-finisaje-premium-parc-tudor-arghezi-IDELzv.html,beton,plastic,telefon internet,ansamblu de apartamente,55
59 m²,3,centrală pe gaz,9/10,fără informații,în construcție,locuință nouă,drept de proprietate,fără informații,agenție,balcon,2025,da,,uși / ferestre blindate,https://www.storia.ro/ro/oferta/apartament-cu-3-camere-cartier-visoianu-IDzGms.html,cărămidă,aluminiu,cablu tv internet,bloc,59
57 m²,2,centrală pe gaz,1,fără informații,în construcție,locuință nouă,drept de proprietate,fără informații,agenție,balcon,2025,da,aer condiționat,uși / ferestre blindate interfon supraveghere video alarmă zona imprejmuita,https://www.storia.ro/ro/oferta/apartament-2-camere-militari-direct-dezvoltator-comision-0-IDF2Ec.html,cărămidă,,internet cablu tv telefon,bloc,57
31 m²,2,centrală pe gaz,2/2,fără informații,în construcție,locuință nouă,drept de proprietate,fără informații,agenție,balcon,2025,nu,aer condiționat,alarmă uși / ferestre blindate interfon supraveghere video,https://www.storia.ro/ro/oferta/apartamente-premium-galata-spre-miroslava-IDuGIE.html,beton,aluminiu,internet,bloc,31
73.99 m²,3,altul,2/12,fără informații,în construcție,locuință nouă,drept de proprietate,fără informații,agenție,balcon bucătărie separată,2025,da,,interfon uși / ferestre blindate,https://www.storia.ro/ro/oferta/apartament-3-camere-in-ansamblu-vienna-parkside-bd-metalurgiei-s4-IDELA3.html,beton,plastic,telefon internet,ansamblu de apartamente,74
77 m²,2,centralizată,1/1,fără informații,gata de utilizare,locuință utilizată,fără informații,fără informații,agenție,fără informații,1960,nu,,uși / ferestre blindate zona imprejmuita,https://www.storia.ro/ro/oferta/apartament-ultracentral-de-vanzare-zona-teatrului-oradea-IDBoYp.html,cărămidă,lemn,internet,vilă,77
71 m²,3,centrală pe gaz,6/8,fără informații,gata de utilizare,locuință utilizată,drept de proprietate,2025-11-17,agenție,balcon garaj bucătărie separată,1989,da,,interfon uși / ferestre blindate,https://www.storia.ro/ro/oferta/0-comision-3-camere-gradini-manastur-garaj-inclus-zona-usamv-IDEJR4.html,beton celular,plastic,telefon internet cablu tv,ansamblu de apartamente,71
29.43 m²,1,centrală pe gaz,2,fără informații,în construcție,locuință nouă,drept de proprietate,fără informații,agenție,fără informații,2025,nu,,,https://www.storia.ro/ro/oferta/1-camera-garsoniera-chiajna-sergent-ilie-petre-comision-0-IDFICF.html,cărămidă,plastic,,bloc,29
60 m²,2,fără informații,5/6,fără informații,gata de utilizare,locuință nouă,fără informații,fără informații,agenție,balcon,2008,nu,,,https://www.storia.ro/ro/oferta/apartament-2-camere-60-mp-utili-decomandat-garaj-zorilor-IDFpN6.html,,,,,60
80 m²,3,centralizată,5/9,fără informații,fără informații,locuință utilizată,drept de proprietate,2025-07-23,agenție,fără informații,1975,da,frigider mașină de spălat TV plită mașină de spălat vasele aer condiționat,interfon,https://www.storia.ro/ro/oferta/apartament-unic-cu-3-camere-de-vanzare-in-zona-rogerius-oradea-IDDBUX.html,cărămidă,plastic,cablu tv internet,ansamblu de apartamente,80
95.02 m²,4,centrală pe gaz,2/2,fără informații,gata de utilizare,locuință utilizată,drept de proprietate,2025-11-27,agenție,balcon scară interioară bucătărie separată,2023,nu,mobilier cuptor plită frigider mașină de spălat TV mașină de spălat vasele aer condiționat,interfon obloane,https://www.storia.ro/ro/oferta/penthouse-4-camere-mobilat-intabulat-mutare-imediat-aer-conditionat-IDDo6C.html,cărămidă,,telefon internet cablu tv,ansamblu de apartamente,95
57 m²,3,centrală pe gaz,1/4,fără informații,fără informații,locuință utilizată,drept de proprietate,2025-11-27,agenție,balcon debara bucătărie separată,1985,nu,mobilier cuptor plită frigider mașină de spălat,interfon,https://www.storia.ro/ro/oferta/apartament-3-camere-pncota-IDBmMq.html,cărămidă,,telefon internet cablu tv,ansamblu de apartamente,57
43.79 m²,2,fără informații,4/4,fără informații,fără informații,locuință nouă,fără informații,fără informații,agenție,balcon,1988,nu,,,https://www.storia.ro/ro/oferta/apartament-la-gri-campulung-muscel-zona-grui-IDEOk9.html,,,,,44
55.7 m²,2,centrală pe gaz,2/7,fără informații,în construcție,locuință nouă,drept de proprietate,fără informații,agenție,balcon,2025,da,,uși / ferestre blindate interfon,https://www.storia.ro/ro/oferta/apartament-2-camere-compartimentare-moderna-acces-metrou-berceni-IDF2fS.html,beton,plastic,internet,,56
43.2 m²,2,fără informații,1/4,fără informații,gata de utilizare,locuință nouă,fără informații,fără informații,agenție,balcon,2025,nu,,,https://www.storia.ro/ro/oferta/apartament-cu-o-camera-visan-bucium-IDFIO2.html,,,,bloc,43
67 m²,2,centrală pe gaz,2/5,fără informații,în construcție,locuință nouă,drept de proprietate,fără informații,agenție,garaj,2026,da,,uși / ferestre blindate interfon,https://www.storia.ro/ro/oferta/apartament-cu-2-camere-la-15-minute-metrou-berceni-IDFGym.html,beton,aluminiu,internet cablu tv,bloc,67
50.76 m²,2,centrală pe gaz,5/8,fără informații,în construcție,locuință nouă,drept de proprietate,fără informații,agenție,balcon bucătărie separată,2025,da,,interfon uși / ferestre blindate,https://www.storia.ro/ro/oferta/apartament-2-camere-decomandat-stradal-bd-metalurgiei-comision-0-IDES2U.html,beton,plastic,telefon internet,ansamblu de apartamente,51
50.97 m²,1,centrală pe gaz,5/10,fără informații,în construcție,locuință nouă,drept de proprietate,2026-11-30,dezvoltator,balcon terasă garaj bucătărie separată,2026,da,,uși / ferestre blindate interfon supraveghere video,https://www.storia.ro/ro/oferta/randament-excelent-la-garsoniera-50-97-mp-locatie-premium-zona-coresi-IDDicD.html,beton armat,plastic,cablu tv internet telefon,ansamblu de apartamente,51
50 m²,2,centrală pe gaz,parter/10,fără informații,gata de utilizare,locuință utilizată,drept de proprietate,2025-11-24,agenție,fără informații,,nu,aer condiționat,,https://www.storia.ro/ro/oferta/apartament-2-camere-50-mp-zona-tudor-IDFFgp.html,,,,,50
50 m²,2,centrală pe gaz,2/6,fără informații,în construcție,locuință nouă,drept de proprietate,fără informații,agenție,fără informații,2025,da,,interfon,https://www.storia.ro/ro/oferta/metalurgiei-carrefour-berceni-2-camere-decomandat-IDEUdL.html,beton armat,plastic,internet cablu tv,bloc,50
105 m²,3,centralizată,4/10,1 200 €,gata de utilizare,locuință utilizată,fără informații,fără informații,agenție,balcon,,da,mobilier mașină de spălat mașină de spălat vasele frigider plită cuptor TV aer condiționat,uși / ferestre blindate interfon supraveghere video,https://www.storia.ro/ro/oferta/apartament-3-camere-exclusivit-cortina-north-IDEp9y.html,,,internet cablu tv,bloc,105
50.53 m²,2,altul,1/7,fără informații,gata de utilizare,locuință utilizată,drept de proprietate,2025-11-27,agenție,balcon terasă,2023,da,aer condiționat,interfon uși / ferestre blindate,https://www.storia.ro/ro/oferta/apartament-cu-2-camere-zona-torontalului-IDCQPP.html,cărămidă,plastic,telefon internet cablu tv,ansamblu de apartamente,51
50 m²,2,centralizată,4/9,fără informații,gata de utilizare,locuință nouă,fără informații,fără informații,agenție,balcon,,da,aer condiționat,,https://www.storia.ro/ro/oferta/apartament-2-camere-de-vanzare-in-grigorescu-blocurile-lama-IDE58D.html,,,,,50
50 m²,2,centrală pe gaz,3/4,fără informații,fără informații,locuință utilizată,fără informații,fără informații,agenție,fără informații,1971,nu,,,https://www.storia.ro/ro/oferta/apartament-2-camere-trivale-confort-1-etaj-3-centrala-termica-IDFHvG.html,cărămidă,plastic,,bloc,50
37.25 m²,1,altul,1/6,fără informații,în construcție,locuință nouă,drept de proprietate,fără informații,agenție,terasă bucătărie separată,2025,da,aer condiționat,supraveghere video uși / ferestre blindate interfon,https://www.storia.ro/ro/oferta/garsoniera-noua-cu-terasa-29-mp-imobil-premium-aparatorii-patriei-IDEZJZ.html,beton,plastic,internet,,37
60 m²,2,centrală pe gaz,1/8,fără informații,fără informații,locuință utilizată,drept de proprietate,2025-11-18,agenție,fără informații,1980,da,cuptor frigider mașină de spălat TV plită mașină de spălat vasele aer condiționat,uși / ferestre blindate interfon,https://www.storia.ro/ro/oferta/apartament-premium-de-vanzare-cu-2-camere-60-mp-zona-hotel-mara-IDEdrS.html,,plastic,internet,,60
40 m²,2,fără informații,fără informații,fără informații,fără informații,locuință utilizată,fără informații,fără informații,agenție,fără informații,,nu,,,https://www.storia.ro/ro/oferta/de-vanzare-2-camere-decomandate-zona-smirodava-mobilat-si-utilat-IDEJn8.html,,,,,40
63.84 m²,3,centrală pe gaz,1/2,fără informații,în construcție,locuință nouă,drept de proprietate,2025-11-27,agenție,terasă garaj bucătărie separată,2025,nu,,interfon uși / ferestre blindate,https://www.storia.ro/ro/oferta/comision-0-apartament-3-camere-bloc-nou-in-apahida-IDCVZn.html,cărămidă,plastic,telefon internet cablu tv,ansamblu de apartamente,64
43.3 m²,1,altul,9/10,fără informații,în construcție,locuință nouă,drept de proprietate,2025-11-27,agenție,garaj bucătărie separată,2026,da,,supraveghere video uși / ferestre blindate interfon,https://www.storia.ro/ro/oferta/apartament-1-camera-IDFvEP.html,cărămidă,plastic,internet cablu tv,ansamblu de apartamente,43
66 m²,3,centrală pe gaz,3/4,fără informații,gata de utilizare,locuință utilizată,drept de proprietate,2025-11-27,agenție,balcon,1987,nu,,uși / ferestre blindate interfon,https://www.storia.ro/ro/oferta/apartament-de-3-camere-decomandat-66-mp-zona-sens-IDF316.html,cărămidă,lemn,,ansamblu de apartamente,66
66 m²,3,centrală pe gaz,10/12,fără informații,gata de utilizare,locuință utilizată,drept de proprietate,2025-11-27,agenție,balcon,,nu,frigider mașină de spălat,interfon,https://www.storia.ro/ro/oferta/apartament-cu-3-camere-decomandate-66-mp-cu-balcon-langa-piata-maras-IDFnDY.html,,plastic,internet,ansamblu de apartamente,66
107 m²,3,centrală pe gaz,1/1,fără informații,gata de utilizare,locuință utilizată,drept de proprietate,2025-11-21,agenție,fără informații,1900,nu,,interfon,https://www.storia.ro/ro/oferta/apartament-de-vanzare-cu-3-camere-107-mp-zona-centrala-IDEdTR.html,cărămidă,plastic,,vilă,107
40 m²,2,fără informații,fără informații,fără informații,fără informații,locuință utilizată,fără informații,fără informații,agenție,balcon,,da,aer condiționat,,https://www.storia.ro/ro/oferta/apartament-modern-2-camere-bloc-nou-etaj-4-5-alfa-IDF0e1.html,,,,,40
68 m²,3,centrală pe gaz,1/3,fără informații,gata de utilizare,locuință utilizată,drept de proprietate,2025-11-25,agenție,balcon,2006,nu,mobilier cuptor plită mașină de spălat TV mașină de spălat vasele,interfon uși / ferestre blindate,https://www.storia.ro/ro/oferta/apartament-3-camere-de-vnzare-etaj-1-mobilat-utilat-calea-turn-IDFF6E.html,cărămidă,,telefon internet cablu tv,ansamblu de apartamente,68
52.05 m²,3,altul,4,fără informații,în construcție,locuință nouă,fără informații,fără informații,dezvoltator,balcon garaj,2026,da,,uși / ferestre blindate,https://www.storia.ro/ro/oferta/apartament-3-camere-estimo-IDEY0P.html,,plastic,,,52
40 m²,1,centrală pe gaz,2/5,fără informații,gata de utilizare,locuință nouă,drept de proprietate,fără informații,agenție,balcon,2026,da,,interfon,https://www.storia.ro/ro/oferta/garsoniera-decomandata-bloc-nou-berceni-metrou-IDEWXU.html,cărămidă,aluminiu,internet cablu tv telefon,bloc,40
35.1 m²,1,centrală pe gaz,1/9,fără informații,în construcție,locuință nouă,drept de proprietate,fără informații,agenție,balcon bucătărie separată,2025,da,aer condiționat,uși / ferestre blindate interfon,https://www.storia.ro/ro/oferta/locuinta-moderna-si-spatioasa-pasarela-merou-berceni-popesti-leordeni-IDERQi.html,beton,plastic,telefon internet,,35
145 m²,3,centralizată,8,fără informații,fără informații,locuință utilizată,fără informații,fără informații,agenție,fără informații,2002,da,mobilier aer condiționat,uși / ferestre blindate,https://www.storia.ro/ro/oferta/apartament-tip-duplex-cu-3-camere-de-vnzare-n-zona-ultracentral-IDFupg.html,,,,,145
43 m²,2,centrală pe gaz,2/3,fără informații,gata de utilizare,locuință nouă,fără informații,fără informații,agenție,balcon,2025,nu,mobilier mașină de spălat frigider plită cuptor TV,,https://www.storia.ro/ro/oferta/apartament-modern-totul-nou-etaj-2-zona-urusagului-terra-IDEYhc.html,cărămidă,,,bloc,43
103.45 m²,4,altul,parter/4,fără informații,în construcție,locuință nouă,drept de proprietate,2025-11-27,agenție,terasă grădină garaj,2024,da,,interfon supraveghere video uși / ferestre blindate,https://www.storia.ro/ro/oferta/apartament-modern-cu-4-camere-curte-i-teras-linite-i-confort-ap-IDFBmN.html,beton,aluminiu,telefon internet cablu tv,ansamblu de apartamente,103
69 m²,3,centrală pe gaz,4/4,fără informații,de renovat,locuință utilizată,fără informații,fără informații,agenție,balcon,1986,nu,mobilier,,https://www.storia.ro/ro/oferta/apartament-3-camere-70-mp-cartier-stadion-pre-67-500-euro-IDw0V8.html,cărămidă,plastic,internet,bloc,69
79.51 m²,3,altul,2/12,fără informații,în construcție,locuință nouă,drept de proprietate,fără informații,agenție,balcon bucătărie separată,2025,da,,interfon uși / ferestre blindate,https://www.storia.ro/ro/oferta/direct-dezvoltator-apartament-3-camere-decomandat-rond-metro-berceni-IDEZE0.html,beton,plastic,telefon internet,ansamblu de apartamente,80
12 m²,1,fără informații,3/4,fără informații,gata de utilizare,locuință utilizată,drept de proprietate,2025-11-20,agenție,fără informații,,nu,cuptor frigider,,https://www.storia.ro/ro/oferta/garsoniera-1-camera-etaj-3-burdujeni-IDEUn7.html,cărămidă,plastic,,ansamblu de apartamente,12
47.01 m²,2,fără informații,2,fără informații,gata de utilizare,locuință nouă,fără informații,fără informații,agenție,balcon,1968,nu,,,https://www.storia.ro/ro/oferta/apartament-2-camere-etaj-2-zona-maratei-IDEoug.html,,,,,47
45.95 m²,2,altul,2/6,fără informații,în construcție,locuință nouă,drept de proprietate,fără informații,agenție,balcon,2025,da,aer condiționat,supraveghere video uși / ferestre blindate interfon,https://www.storia.ro/ro/oferta/studio-modern-finisaje-clasa-a-zona-excelenta-aparatorii-patriei-IDF2Ob.html,beton,plastic,internet,ansamblu de apartamente,46
52 m²,3,fără informații,5,fără informații,fără informații,locuință utilizată,drept de proprietate,2025-11-27,agenție,balcon,,nu,,,https://www.storia.ro/ro/oferta/apartament-modern-cu-2-dormitoare-i-living-open-space-piaa-unirii-IDFBU8.html,,,telefon internet cablu tv,ansamblu de apartamente,52
66.18 m²,3,centralizată,parter,fără informații,fără informații,locuință utilizată,fără informații,fără informații,agenție,balcon,1975,nu,,uși / ferestre blindate,https://www.storia.ro/ro/oferta/apartament-cu-3-camere-de-vnzare-n-zona-est-roman-IDEDHu.html,,,,,66
71.3 m²,3,centrală pe gaz,parter/5,fără informații,gata de utilizare,locuință nouă,drept de proprietate,2025-11-27,agenție,terasă grădină,2024,da,aer condiționat,,https://www.storia.ro/ro/oferta/apartament-3-camere-cu-gradina-in-zona-gara-de-nord-IDFDHM.html,,,telefon internet cablu tv,ansamblu de apartamente,71
35 m²,1,centrală pe gaz,1/4,fără informații,în construcție,locuință nouă,drept de proprietate,2025-11-27,agenție,balcon,2026,da,,interfon supraveghere video uși / ferestre blindate,https://www.storia.ro/ro/oferta/garsoniera-militari-residence-finalizare-aprilie-2026-IDFIJ8.html,beton,plastic,internet,,35
55 m²,2,fără informații,6/7,fără informații,gata de utilizare,locuință utilizată,drept de proprietate,2025-11-14,agenție,balcon,1975,nu,cuptor plită frigider mașină de spălat,,https://www.storia.ro/ro/oferta/cu-vedere-la-palat-2-camere-0-comision-IDFAP8.html,placa de beton,,telefon internet cablu tv,ansamblu de apartamente,55
47.2 m²,2,centrală pe gaz,2/5,fără informații,în construcție,locuință nouă,drept de proprietate,fără informații,agenție,balcon bucătărie separată,2026,da,,uși / ferestre blindate,https://www.storia.ro/ro/oferta/apartament-nou-in-sectorul-4-2-camere-finisaje-moderne-comision-0-IDEMGs.html,beton,plastic,internet,ansamblu de apartamente,47
50 m²,2,centrală pe gaz,2/7,fără informații,gata de utilizare,locuință utilizată,drept de proprietate,2025-11-26,agenție,fără informații,2007,nu,mobilier frigider mașină de spălat,uși / ferestre blindate,https://www.storia.ro/ro/oferta/0-comision-2-camere-etaj-2-strada-jupiter-zona-baciu-IDFwY8.html,cărămidă,plastic,telefon internet cablu tv,ansamblu de apartamente,50
54 m²,2,centrală pe gaz,1/5,fără informații,gata de utilizare,locuință nouă,drept de proprietate,2025-11-27,agenție,balcon bucătărie separată,2025,nu,aer condiționat,interfon,https://www.storia.ro/ro/oferta/comision-0-apartamente-deosebite-cu-2-camere-aradului-IDEljK.html,cărămidă,,telefon cablu tv,ansamblu de apartamente,54
56.24 m²,3,centralizată,3/4,fără informații,gata de utilizare,locuință nouă,fără informații,fără informații,agenție,balcon,1986,nu,,,https://www.storia.ro/ro/oferta/apartament-de-3-camere-campulung-zona-visoi-IDEB9s.html,,,,,56
38.55 m²,1,centrală pe gaz,8/8,fără informații,în construcție,locuință nouă,drept de proprietate,fără informații,agenție,balcon bucătărie separată,2025,da,,interfon uși / ferestre blindate,https://www.storia.ro/ro/oferta/garsoniera-43-52-mp-langa-parcul-tudor-arghezi-sector-4-comision-0-IDEVD2.html,beton,plastic,telefon internet,,39
52 m²,2,centralizată,1/2,fără informații,gata de utilizare,locuință nouă,fără informații,fără informații,agenție,balcon,2008,nu,,,https://www.storia.ro/ro/oferta/apartament-2-camere-decomandat-bloc-nou-etaj-1-colinei-manastur-IDFoig.html,,,,,52
57 m²,2,centrală pe gaz,4/4,fără informații,gata de utilizare,locuință utilizată,drept de proprietate,2025-11-27,agenție,balcon bucătărie separată,1985,nu,mobilier cuptor plită frigider mașină de spălat TV aer condiționat,interfon uși / ferestre blindate,https://www.storia.ro/ro/oferta/apartament-decomandat-2-camere-zona-timocului-IDEDSS.html,beton,plastic,telefon internet cablu tv,ansamblu de apartamente,57
36 m²,2,fără informații,1/10,fără informații,în construcție,locuință nouă,drept de proprietate,2025-11-19,agenție,balcon,2024,nu,,,https://www.storia.ro/ro/oferta/apartamente-noi-2-camere-shopping-city-mall-tudor-skyline-city-IDFpNj.html,,,telefon internet cablu tv,ansamblu de apartamente,36
45 m²,1,centralizată,3/8,fără informații,în construcție,locuință nouă,drept de proprietate,fără informații,agenție,balcon,,da,,uși / ferestre blindate interfon,https://www.storia.ro/ro/oferta/apartamente-1-camera-str-eroilor-IDBYzF.html,cărămidă,,internet,bloc,45
35.3 m²,1,centralizată,4/4,fără informații,fără informații,locuință nouă,fără informații,fără informații,agenție,balcon,1990,nu,,,https://www.storia.ro/ro/oferta/apartament-1-camera-renovat-2024-buzaului-la-b-uri-bloc-mixt-IDB5s5.html,,,,,35
32 m²,1,centrală pe gaz,6/7,fără informații,în construcție,locuință nouă,fără informații,fără informații,agenție,fără informații,2025,nu,,,https://www.storia.ro/ro/oferta/apartament-1-camera-garsoniera-direct-dezvoltator-IDD2SL.html,cărămidă,plastic,,bloc,32
60 m²,2,fără informații,1/3,fără informații,gata de utilizare,locuință nouă,fără informații,fără informații,agenție,balcon,2025,nu,,,https://www.storia.ro/ro/oferta/apartament-2-camere-bloc-2025-cavalerului-residence-stefanesti-IDDyn8.html,,,,,60
37 m²,2,centrală pe gaz,parter/2,fără informații,de renovat,locuință utilizată,drept de proprietate,2025-10-28,agenție,fără informații,1936,nu,cuptor plită mașină de spălat aer condiționat,uși / ferestre blindate,https://www.storia.ro/ro/oferta/linite-i-intimitate-n-inima-cartierului-kiseleff-IDFpO1.html,beton,plastic,telefon internet cablu tv,ansamblu de apartamente,37
77.56 m²,4,centralizată,4,fără informații,fără informații,locuință utilizată,fără informații,fără informații,agenție,balcon,1985,nu,aer condiționat,uși / ferestre blindate,https://www.storia.ro/ro/oferta/apartament-de-vanzare-4-camere-decomandat-bistrita-lac-IDDqj7.html,,,,,78
50.97 m²,1,centrală pe gaz,2/10,fără informații,în construcție,locuință nouă,drept de proprietate,2026-11-30,dezvoltator,balcon terasă garaj,2026,da,,uși / ferestre blindate interfon supraveghere video,https://www.storia.ro/ro/oferta/alege-sa-trieti-cu-stil-garsoniera-50mp-locatie-premium-zona-coresi-IDDibt.html,beton armat,plastic,cablu tv internet telefon,ansamblu de apartamente,51
55 m²,2,centrală pe gaz,3/4,fără informații,gata de utilizare,locuință utilizată,drept de proprietate,2025-11-26,agenție,balcon,1989,nu,,uși / ferestre blindate interfon,https://www.storia.ro/ro/oferta/apartament-decomandat-55-mp-etaj-3-2-locuri-de-parcare-beci-zona-IDFGiB.html,beton,plastic,internet,ansamblu de apartamente,55
37 m²,2,centrală pe gaz,1/4,fără informații,de renovat,locuință utilizată,drept de proprietate,2025-10-21,agenție,fără informații,,da,,interfon,https://www.storia.ro/ro/oferta/apartament-de-2-camere-finisat-37-mp-utili-in-zona-tineretului-IDET7W.html,cărămidă,plastic,,ansamblu de apartamente,37
77.5 m²,3,centrală pe gaz,2/4,fără informații,de renovat,locuință utilizată,drept de proprietate,2025-11-24,agenție,balcon,,nu,,interfon,https://www.storia.ro/ro/oferta/apartament-3-camere-77-mp-etaj-intermediar-zona-obcini-IDFyzD.html,cărămidă,plastic,,ansamblu de apartamente,78
57 m²,2,centrală pe gaz,3/6,fără informații,în construcție,locuință nouă,drept de proprietate,fără informații,agenție,balcon bucătărie separată,2025,da,,uși / ferestre blindate interfon,https://www.storia.ro/ro/oferta/direct-dezvoltator-ap-2-camere-57-mp-comision-zero-IDApwA.html,cărămidă,aluminiu,cablu tv internet,bloc,57
50.97 m²,1,centrală pe gaz,1/10,fără informații,în construcție,locuință nouă,drept de proprietate,2026-11-30,dezvoltator,balcon terasă garaj bucătărie separată,2026,da,,uși / ferestre blindate interfon supraveghere video,https://www.storia.ro/ro/oferta/fiecare-detaliu-conteaz-garsoniera-50-9mp-locatie-premium-zona-coresi-IDDib2.html,beton armat,plastic,cablu tv internet telefon,ansamblu de apartamente,51
90 m²,4,centralizată,8,fără informații,gata de utilizare,locuință utilizată,drept de proprietate,2025-11-27,agenție,bucătărie separată,1981,da,aer condiționat,uși / ferestre blindate,https://www.storia.ro/ro/oferta/berceni-sun-plaza-4-camere-nemobilat-renovat-IDELUk.html,beton,plastic,,ansamblu de apartamente,90
46 m²,2,centrală pe gaz,2/3,fără informații,gata de utilizare,locuință nouă,drept de proprietate,fără informații,agenție,balcon bucătărie separată,2014,nu,mobilier mașină de spălat mașină de spălat vasele frigider plită cuptor TV aer condiționat,uși / ferestre blindate interfon supraveghere video,https://www.storia.ro/ro/oferta/apartament-2-camere-mobilat-bragadiru-cartierul-independenei-IDF3A8.html,beton,plastic,internet cablu tv telefon,bloc,46
30 m²,1,centrală pe gaz,1/4,fără informații,gata de utilizare,locuință nouă,drept de proprietate,fără informații,agenție,balcon,2026,da,,uși / ferestre blindate interfon,https://www.storia.ro/ro/oferta/ultima-garsonier-la-39-900-avans-5-000-micos-mamaia-nord-IDFFpk.html,beton,plastic,internet cablu tv telefon,bloc,30
80 m²,3,fără informații,1/1,fără informații,de renovat,locuință utilizată,drept de proprietate,2025-11-21,agenție,balcon garaj,2023,nu,,uși / ferestre blindate,https://www.storia.ro/ro/oferta/apartament-3-camere-80-mp-curte-si-garaj-micro-IDBakJ.html,cărămidă,plastic,,ansamblu de apartamente,80
103 m²,4,fără informații,3/3,fără informații,gata de utilizare,locuință utilizată,drept de proprietate,2025-11-24,agenție,balcon,2018,nu,,,https://www.storia.ro/ro/oferta/penthouse-4-camere-2-bai-103-mp-terasa-60-mp-priveliste-panoram-IDET4T.html,,,,,103
42.56 m²,1,centrală pe gaz,3/4,fără informații,în construcție,locuință nouă,drept de proprietate,2025-11-27,agenție,terasă,2025,da,aer condiționat,uși / ferestre blindate supraveghere video,https://www.storia.ro/ro/oferta/apartament-cu-1-5-camere-n-confecii-IDDT5o.html,beton,plastic,telefon internet cablu tv,ansamblu de apartamente,43
25.28 m²,1,centrală pe gaz,8/9,fără informații,gata de utilizare,locuință utilizată,drept de proprietate,2025-11-27,agenție,fără informații,1960,nu,aer condiționat,uși / ferestre blindate interfon,https://www.storia.ro/ro/oferta/garsoniera-de-vanzare-25-28-mp-zona-cimigiu-IDCB5e.html,,plastic,cablu tv,ansamblu de apartamente,25
46 m²,2,fără informații,parter/4,fără informații,gata de utilizare,locuință utilizată,drept de proprietate,2025-10-28,agenție,balcon,2019,nu,,,https://www.storia.ro/ro/oferta/maurer-residence-vanzare-ap-2-camere-loc-de-parcare-IDCtv1.html,,,telefon internet cablu tv,ansamblu de apartamente,46
81 m²,3,fără informații,3,fără informații,gata de utilizare,locuință utilizată,drept de proprietate,2025-11-27,agenție,fără informații,1980,nu,,,https://www.storia.ro/ro/oferta/apartament-3-camere-oras-lipova-IDED9v.html,,,telefon internet cablu tv,ansamblu de apartamente,81
45.88 m²,2,centrală pe gaz,1/2,fără informații,gata de utilizare,locuință nouă,drept de proprietate,fără informații,agenție,balcon bucătărie separată,2025,nu,,interfon obloane,https://www.storia.ro/ro/oferta/apartament-2-camere-la-alb-etaj-1-2-incalz-pardoseala-IDEc57.html,cărămidă,,telefon internet cablu tv,ansamblu de apartamente,46
57 m²,2,centrală pe gaz,3/4,fără informații,în construcție,locuință nouă,drept de proprietate,2025-07-31,privat,balcon terasă bucătărie separată,2026,da,,uși / ferestre blindate interfon,https://www.storia.ro/ro/oferta/apartamente-noi-pallady-ikea-IDElmk.html,beton armat,,internet cablu tv,bloc,57
90 m²,3,fără informații,1/1,fără informații,de renovat,locuință utilizată,drept de proprietate,2025-11-27,agenție,grădină,1996,nu,,uși / ferestre blindate,https://www.storia.ro/ro/oferta/oportunitate-apartament-3-camere-decomandat-in-vila-IDBKPP.html,beton,plastic,,vilă,90
54 m²,2,centralizată,1,fără informații,fără informații,locuință utilizată,fără informații,fără informații,agenție,balcon,2025,da,,uși / ferestre blindate interfon,https://www.storia.ro/ro/oferta/apartament-ultracentral-de-vnzare-IDEqjl.html,,,,,54
18 m²,1,fără informații,3/4,fără informații,fără informații,locuință utilizată,fără informații,fără informații,agenție,balcon,1985,nu,,,https://www.storia.ro/ro/oferta/garsoniera-zona-narcisa-IDAa8A.html,,,,,18
46 m²,2,centralizată,4,fără informații,fără informații,locuință utilizată,fără informații,fără informații,agenție,fără informații,2025,nu,,,https://www.storia.ro/ro/oferta/apartament-de-vanzare-mamaia-nord-natalya-resort-IDEnzv.html,,,,,46
69.4 m²,3,centralizată,/2,fără informații,fără informații,locuință nouă,fără informații,fără informații,agenție,fără informații,2009,nu,,,https://www.storia.ro/ro/oferta/apartament-cu-3-camere-gavana-comision-0-IDDxCr.html,,,,,69
65 m²,1,centrală pe gaz,parter/6,fără informații,în construcție,locuință nouă,fără informații,fără informații,agenție,fără informații,2025,da,,uși / ferestre blindate zona imprejmuita interfon,https://www.storia.ro/ro/oferta/garsoniera-spatioasa-de-vanzare-curte-metrou-soseaua-berceni-IDshmB.html,beton,plastic,cablu tv internet,bloc,65
66.6 m²,2,fără informații,3/3,fără informații,gata de utilizare,locuință nouă,fără informații,fără informații,agenție,terasă,2023,da,,uși / ferestre blindate,https://www.storia.ro/ro/oferta/premium-2-camere-cu-teras-mare-popeti-leordeni-IDFIPz.html,cărămidă,,internet,bloc,67
15.45 m²,1,centrală pe gaz,4,fără informații,gata de utilizare,locuință utilizată,fără informații,fără informații,agenție,bucătărie separată,1971,nu,aer condiționat,uși / ferestre blindate,https://www.storia.ro/ro/oferta/garsonier-renovat-complet-central-proprie-i-gaz-str-iacob-andrei-IDEJmG.html,,plastic,,,15
89.9 m²,3,centrală pe gaz,parter/2,fără informații,fără informații,locuință utilizată,drept de proprietate,2025-11-27,agenție,bucătărie separată,2020,nu,mobilier cuptor plită frigider mașină de spălat TV mașină de spălat vasele aer condiționat,uși / ferestre blindate interfon,https://www.storia.ro/ro/oferta/apartament-superb-cu-3-camere-si-2-bai-dumbravita-IDF2vy.html,,,telefon internet cablu tv,ansamblu de apartamente,90
68.31 m²,3,centrală pe gaz,1,fără informații,gata de utilizare,locuință utilizată,drept de proprietate,2025-11-27,agenție,fără informații,2000,nu,mobilier,,https://www.storia.ro/ro/oferta/apartament-ultracentral-sibiu-IDDi1z.html,,,telefon internet cablu tv,ansamblu de apartamente,68
48 m²,2,fără informații,4/4,fără informații,fără informații,locuință utilizată,drept de proprietate,2025-11-27,agenție,balcon debara bucătărie separată,,nu,cuptor plită frigider mașină de spălat TV aer condiționat,interfon uși / ferestre blindate,https://www.storia.ro/ro/oferta/apartament-cu-dou-camere-zona-grii-IDFtkb.html,,,telefon internet cablu tv,ansamblu de apartamente,48
23 m²,1,fără informații,3/5,fără informații,gata de utilizare,locuință utilizată,drept de proprietate,2025-11-27,agenție,fără informații,1982,nu,,uși / ferestre blindate,https://www.storia.ro/ro/oferta/garsoniera-etaj-3-5-imobil-1982-sos-oltenitei-metrou-comision-0-IDEIMK.html,beton,plastic,telefon internet cablu tv,,23
43 m²,2,fără informații,1/3,fără informații,fără informații,locuință utilizată,drept de proprietate,2025-10-22,agenție,balcon,2016,nu,,,https://www.storia.ro/ro/oferta/apartament-2-camere-43mp-decomandat-parcare-inclusa-zona-teilor-IDEJrY.html,cărămidă,,,ansamblu de apartamente,43
66 m²,3,centrală pe gaz,2/4,fără informații,gata de utilizare,locuință utilizată,drept de proprietate,2025-11-25,agenție,balcon,1977,nu,cuptor frigider mașină de spălat,uși / ferestre blindate interfon,https://www.storia.ro/ro/oferta/apartament-3-camere-vedere-superba-spre-lacul-de-agrement-zona-garii-IDFFh0.html,beton,plastic,internet,ansamblu de apartamente,66
50 m²,3,centrală pe gaz,2/4,fără informații,fără informații,locuință utilizată,fără informații,fără informații,agenție,balcon bucătărie separată,1962,nu,mobilier frigider cuptor mașină de spălat TV aer condiționat,uși / ferestre blindate interfon,https://www.storia.ro/ro/oferta/apartament-3-camere-semidecomandat-cartier-obor-IDCAlH.html,cărămidă,plastic,internet telefon,bloc,50
41 m²,2,centrală pe gaz,3/4,fără informații,gata de utilizare,locuință utilizată,drept de proprietate,2025-11-25,agenție,balcon,,nu,frigider mașină de spălat TV plită,uși / ferestre blindate interfon,https://www.storia.ro/ro/oferta/studio-modern-in-subcetate-sanpetru-IDFGhq.html,,plastic,internet,ansamblu de apartamente,41
83 m²,4,fără informații,6/8,fără informații,gata de utilizare,locuință utilizată,drept de proprietate,2025-11-27,agenție,fără informații,1980,nu,,,https://www.storia.ro/ro/oferta/apartament-panoramic-cu-4-camere-zona-300-IDEniS.html,,,telefon internet cablu tv,ansamblu de apartamente,83
48.31 m²,2,fără informații,parter,fără informații,fără informații,locuință utilizată,drept de proprietate,2025-11-26,agenție,fără informații,1960,nu,,,https://www.storia.ro/ro/oferta/apartamen-pe-cornisa-aproape-de-umf-IDElt9.html,,,telefon internet cablu tv,ansamblu de apartamente,48
80 m²,3,centralizată,parter/5,fără informații,în construcție,locuință nouă,drept de proprietate,fără informații,agenție,balcon terasă beci,2025,da,,alarmă zona imprejmuita interfon,https://www.storia.ro/ro/oferta/apartament-premium-3-camere-zona-centrala-IDzdIR.html,cărămidă,plastic,cablu tv internet,bloc,80
50.6 m²,2,centrală pe gaz,parter/2,fără informații,gata de utilizare,locuință utilizată,drept de proprietate,2025-11-27,agenție,balcon,2019,nu,aer condiționat,interfon obloane uși / ferestre blindate,https://www.storia.ro/ro/oferta/apartament-2-camere-2-parcri-zona-buziaului-IDDxkR.html,,plastic,internet cablu tv,ansamblu de apartamente,51
65 m²,2,centralizată,3/6,fără informații,fără informații,locuință utilizată,drept de proprietate,2025-11-26,agenție,balcon,2020,da,frigider mașină de spălat plită mașină de spălat vasele,uși / ferestre blindate interfon supraveghere video,https://www.storia.ro/ro/oferta/apartament-2-camere-65-mp-bloc-nou-2020-balcon-generos-si-parcare-i-IDFG7D.html,cărămidă,plastic,cablu tv internet telefon,ansamblu de apartamente,65
53 m²,2,centralizată,1/5,fără informații,gata de utilizare,locuință nouă,fără informații,fără informații,agenție,balcon,,da,,,https://www.storia.ro/ro/oferta/apartament-2-camere-53-mp-semidecomandat-mobilat-lux-etaj-1-zona-ae-IDEqqx.html,,,,,53
